{"cameraMode":{"drawMode":0,"name":"Shaded","section":"Shading Mode"},"sceneLighting":true,"audioPlay":false,"sceneViewState":{"showFog":true,"showMaterialUpdate":false,"showSkybox":true,"showFlares":true,"showImageEffects":true,"showParticleSystems":true,"showVisualEffectGraphs":true,"m_FxEnabled":true},"in2DMode":false,"pivot":{"x":-16.064790725708009,"y":21.15446662902832,"z":-22.720882415771486},"rotation":{"x":-0.39519447088241579,"y":-0.08879697322845459,"z":0.03841550648212433,"w":-0.9134888052940369},"size":1.2247449159622193,"orthographic":false}